trial,drop_rate,label,pred,correct
/Users/changhyeonpark/Desktop/UCLA_Visiting/watchtouch/UnifiedDataCollector/run/dataset/Lower_i/trial_089,0.13043478260869565,8,8,True
/Users/changhyeonpark/Desktop/UCLA_Visiting/watchtouch/UnifiedDataCollector/run/dataset/Lower_i/trial_109,0.13636363636363635,8,8,True
/Users/changhyeonpark/Desktop/UCLA_Visiting/watchtouch/UnifiedDataCollector/run/dataset/Lower_f/trial_106,0.15,5,5,True
/Users/changhyeonpark/Desktop/UCLA_Visiting/watchtouch/UnifiedDataCollector/run/dataset/Lower_c/trial_073,0.0,2,2,True
/Users/changhyeonpark/Desktop/UCLA_Visiting/watchtouch/UnifiedDataCollector/run/dataset/Lower_q/trial_050,0.0,16,16,True
/Users/changhyeonpark/Desktop/UCLA_Visiting/watchtouch/UnifiedDataCollector/run/dataset/Lower_h/trial_097,0.05,7,7,True
/Users/changhyeonpark/Desktop/UCLA_Visiting/watchtouch/UnifiedDataCollector/run/dataset/Lower_k/trial_026,0.038461538461538464,10,10,True
/Users/changhyeonpark/Desktop/UCLA_Visiting/watchtouch/UnifiedDataCollector/run/dataset/Lower_g/trial_027,0.043478260869565216,6,6,True
/Users/changhyeonpark/Desktop/UCLA_Visiting/watchtouch/UnifiedDataCollector/run/dataset/Lower_z/trial_131,0.15789473684210525,25,25,True
/Users/changhyeonpark/Desktop/UCLA_Visiting/watchtouch/UnifiedDataCollector/run/dataset/Lower_b/trial_009,0.045454545454545456,1,1,True
/Users/changhyeonpark/Desktop/UCLA_Visiting/watchtouch/UnifiedDataCollector/run/dataset/Lower_e/trial_135,0.0,4,4,True
/Users/changhyeonpark/Desktop/UCLA_Visiting/watchtouch/UnifiedDataCollector/run/dataset/Lower_j/trial_089,0.13043478260869565,9,9,True
/Users/changhyeonpark/Desktop/UCLA_Visiting/watchtouch/UnifiedDataCollector/run/dataset/Lower_i/trial_099,0.07692307692307693,8,8,True
/Users/changhyeonpark/Desktop/UCLA_Visiting/watchtouch/UnifiedDataCollector/run/dataset/Lower_n/trial_048,0.15,13,13,True
/Users/changhyeonpark/Desktop/UCLA_Visiting/watchtouch/UnifiedDataCollector/run/dataset/Lower_k/trial_041,0.041666666666666664,10,6,False
/Users/changhyeonpark/Desktop/UCLA_Visiting/watchtouch/UnifiedDataCollector/run/dataset/Lower_n/trial_064,0.05555555555555555,13,13,True
/Users/changhyeonpark/Desktop/UCLA_Visiting/watchtouch/UnifiedDataCollector/run/dataset/Lower_w/trial_117,0.047619047619047616,22,22,True
/Users/changhyeonpark/Desktop/UCLA_Visiting/watchtouch/UnifiedDataCollector/run/dataset/Lower_x/trial_073,0.05,23,23,True
/Users/changhyeonpark/Desktop/UCLA_Visiting/watchtouch/UnifiedDataCollector/run/dataset/Lower_w/trial_070,0.25,22,22,True
/Users/changhyeonpark/Desktop/UCLA_Visiting/watchtouch/UnifiedDataCollector/run/dataset/Lower_v/trial_082,0.06666666666666667,21,20,False
/Users/changhyeonpark/Desktop/UCLA_Visiting/watchtouch/UnifiedDataCollector/run/dataset/Lower_u/trial_142,0.11764705882352941,20,20,True
/Users/changhyeonpark/Desktop/UCLA_Visiting/watchtouch/UnifiedDataCollector/run/dataset/Lower_u/trial_062,0.0625,20,21,False
/Users/changhyeonpark/Desktop/UCLA_Visiting/watchtouch/UnifiedDataCollector/run/dataset/Lower_o/trial_128,0.07692307692307693,14,14,True
/Users/changhyeonpark/Desktop/UCLA_Visiting/watchtouch/UnifiedDataCollector/run/dataset/Lower_l/trial_011,0.0,11,11,True
/Users/changhyeonpark/Desktop/UCLA_Visiting/watchtouch/UnifiedDataCollector/run/dataset/Lower_v/trial_080,0.07692307692307693,21,21,True
/Users/changhyeonpark/Desktop/UCLA_Visiting/watchtouch/UnifiedDataCollector/run/dataset/Lower_g/trial_016,0.08695652173913043,6,5,False
/Users/changhyeonpark/Desktop/UCLA_Visiting/watchtouch/UnifiedDataCollector/run/dataset/Lower_k/trial_091,0.15151515151515152,10,10,True
/Users/changhyeonpark/Desktop/UCLA_Visiting/watchtouch/UnifiedDataCollector/run/dataset/Lower_r/trial_038,0.0,17,17,True
/Users/changhyeonpark/Desktop/UCLA_Visiting/watchtouch/UnifiedDataCollector/run/dataset/Lower_x/trial_072,0.0,23,23,True
/Users/changhyeonpark/Desktop/UCLA_Visiting/watchtouch/UnifiedDataCollector/run/dataset/Lower_y/trial_081,0.11764705882352941,24,24,True
/Users/changhyeonpark/Desktop/UCLA_Visiting/watchtouch/UnifiedDataCollector/run/dataset/Lower_w/trial_034,0.0,22,22,True
/Users/changhyeonpark/Desktop/UCLA_Visiting/watchtouch/UnifiedDataCollector/run/dataset/Lower_s/trial_128,0.3333333333333333,18,18,True
/Users/changhyeonpark/Desktop/UCLA_Visiting/watchtouch/UnifiedDataCollector/run/dataset/Lower_c/trial_137,0.1,2,2,True
/Users/changhyeonpark/Desktop/UCLA_Visiting/watchtouch/UnifiedDataCollector/run/dataset/Lower_e/trial_063,0.05263157894736842,4,4,True
/Users/changhyeonpark/Desktop/UCLA_Visiting/watchtouch/UnifiedDataCollector/run/dataset/Lower_c/trial_090,0.0,2,2,True
/Users/changhyeonpark/Desktop/UCLA_Visiting/watchtouch/UnifiedDataCollector/run/dataset/Lower_s/trial_084,0.3333333333333333,18,18,True
/Users/changhyeonpark/Desktop/UCLA_Visiting/watchtouch/UnifiedDataCollector/run/dataset/Lower_z/trial_126,0.045454545454545456,25,25,True
/Users/changhyeonpark/Desktop/UCLA_Visiting/watchtouch/UnifiedDataCollector/run/dataset/Lower_z/trial_026,0.0,25,25,True
/Users/changhyeonpark/Desktop/UCLA_Visiting/watchtouch/UnifiedDataCollector/run/dataset/Lower_a/trial_118,0.1,0,0,True
/Users/changhyeonpark/Desktop/UCLA_Visiting/watchtouch/UnifiedDataCollector/run/dataset/Lower_d/trial_028,0.034482758620689655,3,10,False
/Users/changhyeonpark/Desktop/UCLA_Visiting/watchtouch/UnifiedDataCollector/run/dataset/Lower_a/trial_128,0.0,0,0,True
/Users/changhyeonpark/Desktop/UCLA_Visiting/watchtouch/UnifiedDataCollector/run/dataset/Lower_d/trial_105,0.10526315789473684,3,3,True
/Users/changhyeonpark/Desktop/UCLA_Visiting/watchtouch/UnifiedDataCollector/run/dataset/Lower_s/trial_065,0.2,18,18,True
/Users/changhyeonpark/Desktop/UCLA_Visiting/watchtouch/UnifiedDataCollector/run/dataset/Lower_g/trial_101,0.07692307692307693,6,6,True
/Users/changhyeonpark/Desktop/UCLA_Visiting/watchtouch/UnifiedDataCollector/run/dataset/Lower_y/trial_033,0.0,24,19,False
/Users/changhyeonpark/Desktop/UCLA_Visiting/watchtouch/UnifiedDataCollector/run/dataset/Lower_g/trial_106,0.0,6,6,True
/Users/changhyeonpark/Desktop/UCLA_Visiting/watchtouch/UnifiedDataCollector/run/dataset/Lower_n/trial_106,0.05555555555555555,13,20,False
/Users/changhyeonpark/Desktop/UCLA_Visiting/watchtouch/UnifiedDataCollector/run/dataset/Lower_z/trial_079,0.0625,25,25,True
/Users/changhyeonpark/Desktop/UCLA_Visiting/watchtouch/UnifiedDataCollector/run/dataset/Lower_r/trial_017,0.058823529411764705,17,17,True
/Users/changhyeonpark/Desktop/UCLA_Visiting/watchtouch/UnifiedDataCollector/run/dataset/Lower_n/trial_039,0.0,13,13,True
/Users/changhyeonpark/Desktop/UCLA_Visiting/watchtouch/UnifiedDataCollector/run/dataset/Lower_e/trial_057,0.17647058823529413,4,4,True
/Users/changhyeonpark/Desktop/UCLA_Visiting/watchtouch/UnifiedDataCollector/run/dataset/Lower_t/trial_098,0.09523809523809523,19,19,True
/Users/changhyeonpark/Desktop/UCLA_Visiting/watchtouch/UnifiedDataCollector/run/dataset/Lower_h/trial_052,0.045454545454545456,7,7,True
/Users/changhyeonpark/Desktop/UCLA_Visiting/watchtouch/UnifiedDataCollector/run/dataset/Lower_t/trial_095,0.05263157894736842,19,19,True
/Users/changhyeonpark/Desktop/UCLA_Visiting/watchtouch/UnifiedDataCollector/run/dataset/Lower_l/trial_077,0.2,11,11,True
/Users/changhyeonpark/Desktop/UCLA_Visiting/watchtouch/UnifiedDataCollector/run/dataset/Lower_p/trial_027,0.17391304347826086,15,15,True
/Users/changhyeonpark/Desktop/UCLA_Visiting/watchtouch/UnifiedDataCollector/run/dataset/Lower_a/trial_122,0.05555555555555555,0,0,True
/Users/changhyeonpark/Desktop/UCLA_Visiting/watchtouch/UnifiedDataCollector/run/dataset/Lower_g/trial_005,0.0,6,5,False
/Users/changhyeonpark/Desktop/UCLA_Visiting/watchtouch/UnifiedDataCollector/run/dataset/Lower_x/trial_037,0.05555555555555555,23,23,True
/Users/changhyeonpark/Desktop/UCLA_Visiting/watchtouch/UnifiedDataCollector/run/dataset/Lower_a/trial_147,0.0,0,0,True
/Users/changhyeonpark/Desktop/UCLA_Visiting/watchtouch/UnifiedDataCollector/run/dataset/Lower_y/trial_023,0.1875,24,24,True
/Users/changhyeonpark/Desktop/UCLA_Visiting/watchtouch/UnifiedDataCollector/run/dataset/Lower_n/trial_008,0.13333333333333333,13,9,False
/Users/changhyeonpark/Desktop/UCLA_Visiting/watchtouch/UnifiedDataCollector/run/dataset/Lower_a/trial_153,0.05,0,0,True
/Users/changhyeonpark/Desktop/UCLA_Visiting/watchtouch/UnifiedDataCollector/run/dataset/Lower_b/trial_030,0.0,1,1,True
/Users/changhyeonpark/Desktop/UCLA_Visiting/watchtouch/UnifiedDataCollector/run/dataset/Lower_h/trial_038,0.05,7,7,True
/Users/changhyeonpark/Desktop/UCLA_Visiting/watchtouch/UnifiedDataCollector/run/dataset/Lower_a/trial_151,0.125,0,0,True
/Users/changhyeonpark/Desktop/UCLA_Visiting/watchtouch/UnifiedDataCollector/run/dataset/Lower_s/trial_092,0.07142857142857142,18,18,True
/Users/changhyeonpark/Desktop/UCLA_Visiting/watchtouch/UnifiedDataCollector/run/dataset/Lower_s/trial_116,0.07142857142857142,18,18,True
/Users/changhyeonpark/Desktop/UCLA_Visiting/watchtouch/UnifiedDataCollector/run/dataset/Lower_h/trial_095,0.0,7,13,False
/Users/changhyeonpark/Desktop/UCLA_Visiting/watchtouch/UnifiedDataCollector/run/dataset/Lower_t/trial_066,0.2222222222222222,19,20,False
/Users/changhyeonpark/Desktop/UCLA_Visiting/watchtouch/UnifiedDataCollector/run/dataset/Lower_w/trial_064,0.1,22,22,True
/Users/changhyeonpark/Desktop/UCLA_Visiting/watchtouch/UnifiedDataCollector/run/dataset/Lower_a/trial_023,0.0,0,15,False
/Users/changhyeonpark/Desktop/UCLA_Visiting/watchtouch/UnifiedDataCollector/run/dataset/Lower_n/trial_107,0.0,13,13,True
/Users/changhyeonpark/Desktop/UCLA_Visiting/watchtouch/UnifiedDataCollector/run/dataset/Lower_c/trial_143,0.0,2,2,True
/Users/changhyeonpark/Desktop/UCLA_Visiting/watchtouch/UnifiedDataCollector/run/dataset/Lower_g/trial_075,0.08333333333333333,6,6,True
/Users/changhyeonpark/Desktop/UCLA_Visiting/watchtouch/UnifiedDataCollector/run/dataset/Lower_y/trial_090,0.0,24,24,True
/Users/changhyeonpark/Desktop/UCLA_Visiting/watchtouch/UnifiedDataCollector/run/dataset/Lower_b/trial_019,0.1,1,1,True
/Users/changhyeonpark/Desktop/UCLA_Visiting/watchtouch/UnifiedDataCollector/run/dataset/Lower_d/trial_040,0.08333333333333333,3,3,True
/Users/changhyeonpark/Desktop/UCLA_Visiting/watchtouch/UnifiedDataCollector/run/dataset/Lower_t/trial_021,0.06666666666666667,19,19,True
/Users/changhyeonpark/Desktop/UCLA_Visiting/watchtouch/UnifiedDataCollector/run/dataset/Lower_b/trial_013,0.0,1,1,True
/Users/changhyeonpark/Desktop/UCLA_Visiting/watchtouch/UnifiedDataCollector/run/dataset/Lower_e/trial_079,0.13333333333333333,4,4,True
/Users/changhyeonpark/Desktop/UCLA_Visiting/watchtouch/UnifiedDataCollector/run/dataset/Lower_v/trial_050,0.0,21,21,True
/Users/changhyeonpark/Desktop/UCLA_Visiting/watchtouch/UnifiedDataCollector/run/dataset/Lower_t/trial_108,0.10526315789473684,19,19,True
/Users/changhyeonpark/Desktop/UCLA_Visiting/watchtouch/UnifiedDataCollector/run/dataset/Lower_t/trial_130,0.2,19,24,False
/Users/changhyeonpark/Desktop/UCLA_Visiting/watchtouch/UnifiedDataCollector/run/dataset/Lower_a/trial_052,0.1,0,0,True
/Users/changhyeonpark/Desktop/UCLA_Visiting/watchtouch/UnifiedDataCollector/run/dataset/Lower_b/trial_010,0.0,1,1,True
/Users/changhyeonpark/Desktop/UCLA_Visiting/watchtouch/UnifiedDataCollector/run/dataset/Lower_u/trial_037,0.14285714285714285,20,20,True
/Users/changhyeonpark/Desktop/UCLA_Visiting/watchtouch/UnifiedDataCollector/run/dataset/Lower_b/trial_112,0.0,1,1,True
/Users/changhyeonpark/Desktop/UCLA_Visiting/watchtouch/UnifiedDataCollector/run/dataset/Lower_u/trial_055,0.06666666666666667,20,13,False
/Users/changhyeonpark/Desktop/UCLA_Visiting/watchtouch/UnifiedDataCollector/run/dataset/Lower_d/trial_013,0.058823529411764705,3,4,False
/Users/changhyeonpark/Desktop/UCLA_Visiting/watchtouch/UnifiedDataCollector/run/dataset/Lower_s/trial_106,0.0,18,18,True
/Users/changhyeonpark/Desktop/UCLA_Visiting/watchtouch/UnifiedDataCollector/run/dataset/Lower_r/trial_054,0.10526315789473684,17,19,False
/Users/changhyeonpark/Desktop/UCLA_Visiting/watchtouch/UnifiedDataCollector/run/dataset/Lower_i/trial_070,0.045454545454545456,8,8,True
/Users/changhyeonpark/Desktop/UCLA_Visiting/watchtouch/UnifiedDataCollector/run/dataset/Lower_k/trial_032,0.034482758620689655,10,10,True
/Users/changhyeonpark/Desktop/UCLA_Visiting/watchtouch/UnifiedDataCollector/run/dataset/Lower_n/trial_077,0.06666666666666667,13,13,True
/Users/changhyeonpark/Desktop/UCLA_Visiting/watchtouch/UnifiedDataCollector/run/dataset/Lower_w/trial_026,0.05,22,22,True
/Users/changhyeonpark/Desktop/UCLA_Visiting/watchtouch/UnifiedDataCollector/run/dataset/Lower_f/trial_093,0.0,5,5,True
/Users/changhyeonpark/Desktop/UCLA_Visiting/watchtouch/UnifiedDataCollector/run/dataset/Lower_x/trial_049,0.11764705882352941,23,23,True
/Users/changhyeonpark/Desktop/UCLA_Visiting/watchtouch/UnifiedDataCollector/run/dataset/Lower_n/trial_063,0.125,13,17,False
/Users/changhyeonpark/Desktop/UCLA_Visiting/watchtouch/UnifiedDataCollector/run/dataset/Lower_o/trial_138,0.0,14,14,True
/Users/changhyeonpark/Desktop/UCLA_Visiting/watchtouch/UnifiedDataCollector/run/dataset/Lower_q/trial_035,0.15789473684210525,16,25,False
/Users/changhyeonpark/Desktop/UCLA_Visiting/watchtouch/UnifiedDataCollector/run/dataset/Lower_n/trial_036,0.0,13,13,True
/Users/changhyeonpark/Desktop/UCLA_Visiting/watchtouch/UnifiedDataCollector/run/dataset/Lower_h/trial_047,0.04,7,7,True
/Users/changhyeonpark/Desktop/UCLA_Visiting/watchtouch/UnifiedDataCollector/run/dataset/Lower_x/trial_067,0.10526315789473684,23,23,True
/Users/changhyeonpark/Desktop/UCLA_Visiting/watchtouch/UnifiedDataCollector/run/dataset/Lower_v/trial_016,0.18181818181818182,21,21,True
/Users/changhyeonpark/Desktop/UCLA_Visiting/watchtouch/UnifiedDataCollector/run/dataset/Lower_u/trial_020,0.0,20,20,True
/Users/changhyeonpark/Desktop/UCLA_Visiting/watchtouch/UnifiedDataCollector/run/dataset/Lower_f/trial_033,0.08695652173913043,5,5,True
/Users/changhyeonpark/Desktop/UCLA_Visiting/watchtouch/UnifiedDataCollector/run/dataset/Lower_c/trial_003,0.0,2,2,True
/Users/changhyeonpark/Desktop/UCLA_Visiting/watchtouch/UnifiedDataCollector/run/dataset/Lower_g/trial_069,0.0,6,6,True
/Users/changhyeonpark/Desktop/UCLA_Visiting/watchtouch/UnifiedDataCollector/run/dataset/Lower_b/trial_058,0.0,1,1,True
/Users/changhyeonpark/Desktop/UCLA_Visiting/watchtouch/UnifiedDataCollector/run/dataset/Lower_k/trial_108,0.06060606060606061,10,10,True
/Users/changhyeonpark/Desktop/UCLA_Visiting/watchtouch/UnifiedDataCollector/run/dataset/Lower_o/trial_010,0.0,14,14,True
/Users/changhyeonpark/Desktop/UCLA_Visiting/watchtouch/UnifiedDataCollector/run/dataset/Lower_x/trial_022,0.21428571428571427,23,21,False
/Users/changhyeonpark/Desktop/UCLA_Visiting/watchtouch/UnifiedDataCollector/run/dataset/Lower_u/trial_107,0.0,20,20,True
/Users/changhyeonpark/Desktop/UCLA_Visiting/watchtouch/UnifiedDataCollector/run/dataset/Lower_f/trial_045,0.09523809523809523,5,5,True
/Users/changhyeonpark/Desktop/UCLA_Visiting/watchtouch/UnifiedDataCollector/run/dataset/Lower_c/trial_042,0.2222222222222222,2,2,True
/Users/changhyeonpark/Desktop/UCLA_Visiting/watchtouch/UnifiedDataCollector/run/dataset/Lower_c/trial_070,0.09090909090909091,2,2,True
/Users/changhyeonpark/Desktop/UCLA_Visiting/watchtouch/UnifiedDataCollector/run/dataset/Lower_a/trial_177,0.0,0,0,True
/Users/changhyeonpark/Desktop/UCLA_Visiting/watchtouch/UnifiedDataCollector/run/dataset/Lower_g/trial_093,0.07692307692307693,6,6,True
/Users/changhyeonpark/Desktop/UCLA_Visiting/watchtouch/UnifiedDataCollector/run/dataset/Lower_b/trial_111,0.0,1,1,True
/Users/changhyeonpark/Desktop/UCLA_Visiting/watchtouch/UnifiedDataCollector/run/dataset/Lower_o/trial_110,0.0625,14,14,True
/Users/changhyeonpark/Desktop/UCLA_Visiting/watchtouch/UnifiedDataCollector/run/dataset/Lower_n/trial_078,0.25,13,13,True
/Users/changhyeonpark/Desktop/UCLA_Visiting/watchtouch/UnifiedDataCollector/run/dataset/Lower_k/trial_004,0.041666666666666664,10,10,True
/Users/changhyeonpark/Desktop/UCLA_Visiting/watchtouch/UnifiedDataCollector/run/dataset/Lower_x/trial_020,0.1111111111111111,23,5,False
/Users/changhyeonpark/Desktop/UCLA_Visiting/watchtouch/UnifiedDataCollector/run/dataset/Lower_v/trial_111,0.16666666666666666,21,21,True
/Users/changhyeonpark/Desktop/UCLA_Visiting/watchtouch/UnifiedDataCollector/run/dataset/Lower_p/trial_065,0.08695652173913043,15,15,True
/Users/changhyeonpark/Desktop/UCLA_Visiting/watchtouch/UnifiedDataCollector/run/dataset/Lower_q/trial_077,0.05555555555555555,16,16,True
/Users/changhyeonpark/Desktop/UCLA_Visiting/watchtouch/UnifiedDataCollector/run/dataset/Lower_k/trial_113,0.07142857142857142,10,10,True
/Users/changhyeonpark/Desktop/UCLA_Visiting/watchtouch/UnifiedDataCollector/run/dataset/Lower_i/trial_034,0.0,8,8,True
/Users/changhyeonpark/Desktop/UCLA_Visiting/watchtouch/UnifiedDataCollector/run/dataset/Lower_c/trial_103,0.08333333333333333,2,4,False
/Users/changhyeonpark/Desktop/UCLA_Visiting/watchtouch/UnifiedDataCollector/run/dataset/Lower_p/trial_007,0.09090909090909091,15,15,True
/Users/changhyeonpark/Desktop/UCLA_Visiting/watchtouch/UnifiedDataCollector/run/dataset/Lower_g/trial_090,0.07407407407407407,6,6,True
/Users/changhyeonpark/Desktop/UCLA_Visiting/watchtouch/UnifiedDataCollector/run/dataset/Lower_r/trial_031,0.0,17,17,True
/Users/changhyeonpark/Desktop/UCLA_Visiting/watchtouch/UnifiedDataCollector/run/dataset/Lower_p/trial_095,0.08695652173913043,15,15,True
/Users/changhyeonpark/Desktop/UCLA_Visiting/watchtouch/UnifiedDataCollector/run/dataset/Lower_q/trial_032,0.058823529411764705,16,20,False
/Users/changhyeonpark/Desktop/UCLA_Visiting/watchtouch/UnifiedDataCollector/run/dataset/Lower_z/trial_040,0.058823529411764705,25,25,True
/Users/changhyeonpark/Desktop/UCLA_Visiting/watchtouch/UnifiedDataCollector/run/dataset/Lower_w/trial_074,0.05555555555555555,22,22,True
/Users/changhyeonpark/Desktop/UCLA_Visiting/watchtouch/UnifiedDataCollector/run/dataset/Lower_s/trial_060,0.16666666666666666,18,18,True
/Users/changhyeonpark/Desktop/UCLA_Visiting/watchtouch/UnifiedDataCollector/run/dataset/Lower_t/trial_073,0.0,19,19,True
/Users/changhyeonpark/Desktop/UCLA_Visiting/watchtouch/UnifiedDataCollector/run/dataset/Lower_v/trial_049,0.15384615384615385,21,21,True
/Users/changhyeonpark/Desktop/UCLA_Visiting/watchtouch/UnifiedDataCollector/run/dataset/Lower_n/trial_120,0.0,13,13,True
/Users/changhyeonpark/Desktop/UCLA_Visiting/watchtouch/UnifiedDataCollector/run/dataset/Lower_f/trial_077,0.05,5,5,True
/Users/changhyeonpark/Desktop/UCLA_Visiting/watchtouch/UnifiedDataCollector/run/dataset/Lower_d/trial_087,0.045454545454545456,3,3,True
/Users/changhyeonpark/Desktop/UCLA_Visiting/watchtouch/UnifiedDataCollector/run/dataset/Lower_b/trial_024,0.05263157894736842,1,1,True
/Users/changhyeonpark/Desktop/UCLA_Visiting/watchtouch/UnifiedDataCollector/run/dataset/Lower_k/trial_093,0.030303030303030304,10,10,True
/Users/changhyeonpark/Desktop/UCLA_Visiting/watchtouch/UnifiedDataCollector/run/dataset/Lower_h/trial_058,0.15,7,7,True
/Users/changhyeonpark/Desktop/UCLA_Visiting/watchtouch/UnifiedDataCollector/run/dataset/Lower_z/trial_133,0.1111111111111111,25,25,True
/Users/changhyeonpark/Desktop/UCLA_Visiting/watchtouch/UnifiedDataCollector/run/dataset/Lower_p/trial_017,0.2608695652173913,15,15,True
/Users/changhyeonpark/Desktop/UCLA_Visiting/watchtouch/UnifiedDataCollector/run/dataset/Lower_d/trial_044,0.08333333333333333,3,3,True
/Users/changhyeonpark/Desktop/UCLA_Visiting/watchtouch/UnifiedDataCollector/run/dataset/Lower_y/trial_094,0.05263157894736842,24,24,True
/Users/changhyeonpark/Desktop/UCLA_Visiting/watchtouch/UnifiedDataCollector/run/dataset/Lower_m/trial_069,0.0,12,12,True
/Users/changhyeonpark/Desktop/UCLA_Visiting/watchtouch/UnifiedDataCollector/run/dataset/Lower_a/trial_100,0.06666666666666667,0,0,True
/Users/changhyeonpark/Desktop/UCLA_Visiting/watchtouch/UnifiedDataCollector/run/dataset/Lower_f/trial_118,0.09090909090909091,5,5,True
/Users/changhyeonpark/Desktop/UCLA_Visiting/watchtouch/UnifiedDataCollector/run/dataset/Lower_r/trial_009,0.05263157894736842,17,17,True
/Users/changhyeonpark/Desktop/UCLA_Visiting/watchtouch/UnifiedDataCollector/run/dataset/Lower_k/trial_089,0.034482758620689655,10,10,True
/Users/changhyeonpark/Desktop/UCLA_Visiting/watchtouch/UnifiedDataCollector/run/dataset/Lower_u/trial_109,0.06666666666666667,20,20,True
/Users/changhyeonpark/Desktop/UCLA_Visiting/watchtouch/UnifiedDataCollector/run/dataset/Lower_x/trial_060,0.0,23,23,True
/Users/changhyeonpark/Desktop/UCLA_Visiting/watchtouch/UnifiedDataCollector/run/dataset/Lower_n/trial_133,0.0,13,13,True
/Users/changhyeonpark/Desktop/UCLA_Visiting/watchtouch/UnifiedDataCollector/run/dataset/Lower_o/trial_063,0.0,14,14,True
/Users/changhyeonpark/Desktop/UCLA_Visiting/watchtouch/UnifiedDataCollector/run/dataset/Lower_y/trial_093,0.0,24,24,True
/Users/changhyeonpark/Desktop/UCLA_Visiting/watchtouch/UnifiedDataCollector/run/dataset/Lower_u/trial_053,0.06666666666666667,20,20,True
/Users/changhyeonpark/Desktop/UCLA_Visiting/watchtouch/UnifiedDataCollector/run/dataset/Lower_f/trial_047,0.26666666666666666,5,5,True
/Users/changhyeonpark/Desktop/UCLA_Visiting/watchtouch/UnifiedDataCollector/run/dataset/Lower_k/trial_048,0.0,10,10,True
/Users/changhyeonpark/Desktop/UCLA_Visiting/watchtouch/UnifiedDataCollector/run/dataset/Lower_o/trial_117,0.0625,14,14,True
/Users/changhyeonpark/Desktop/UCLA_Visiting/watchtouch/UnifiedDataCollector/run/dataset/Lower_x/trial_059,0.11764705882352941,23,23,True
/Users/changhyeonpark/Desktop/UCLA_Visiting/watchtouch/UnifiedDataCollector/run/dataset/Lower_l/trial_075,0.0,11,17,False
/Users/changhyeonpark/Desktop/UCLA_Visiting/watchtouch/UnifiedDataCollector/run/dataset/Lower_f/trial_095,0.045454545454545456,5,5,True
/Users/changhyeonpark/Desktop/UCLA_Visiting/watchtouch/UnifiedDataCollector/run/dataset/Lower_x/trial_010,0.0,23,23,True
/Users/changhyeonpark/Desktop/UCLA_Visiting/watchtouch/UnifiedDataCollector/run/dataset/Lower_b/trial_069,0.0,1,1,True
/Users/changhyeonpark/Desktop/UCLA_Visiting/watchtouch/UnifiedDataCollector/run/dataset/Lower_s/trial_142,0.0,18,18,True
/Users/changhyeonpark/Desktop/UCLA_Visiting/watchtouch/UnifiedDataCollector/run/dataset/Lower_f/trial_009,0.08,5,5,True
/Users/changhyeonpark/Desktop/UCLA_Visiting/watchtouch/UnifiedDataCollector/run/dataset/Lower_o/trial_094,0.0625,14,14,True
/Users/changhyeonpark/Desktop/UCLA_Visiting/watchtouch/UnifiedDataCollector/run/dataset/Lower_e/trial_123,0.0625,4,4,True
/Users/changhyeonpark/Desktop/UCLA_Visiting/watchtouch/UnifiedDataCollector/run/dataset/Lower_n/trial_129,0.0,13,13,True
/Users/changhyeonpark/Desktop/UCLA_Visiting/watchtouch/UnifiedDataCollector/run/dataset/Lower_y/trial_086,0.125,24,24,True
/Users/changhyeonpark/Desktop/UCLA_Visiting/watchtouch/UnifiedDataCollector/run/dataset/Lower_d/trial_080,0.0,3,3,True
/Users/changhyeonpark/Desktop/UCLA_Visiting/watchtouch/UnifiedDataCollector/run/dataset/Lower_c/trial_058,0.08333333333333333,2,2,True
/Users/changhyeonpark/Desktop/UCLA_Visiting/watchtouch/UnifiedDataCollector/run/dataset/Lower_b/trial_042,0.043478260869565216,1,1,True
/Users/changhyeonpark/Desktop/UCLA_Visiting/watchtouch/UnifiedDataCollector/run/dataset/Lower_n/trial_110,0.21428571428571427,13,13,True
/Users/changhyeonpark/Desktop/UCLA_Visiting/watchtouch/UnifiedDataCollector/run/dataset/Lower_p/trial_094,0.09090909090909091,15,15,True
/Users/changhyeonpark/Desktop/UCLA_Visiting/watchtouch/UnifiedDataCollector/run/dataset/Lower_i/trial_043,0.08333333333333333,8,8,True
/Users/changhyeonpark/Desktop/UCLA_Visiting/watchtouch/UnifiedDataCollector/run/dataset/Lower_r/trial_068,0.15789473684210525,17,7,False
/Users/changhyeonpark/Desktop/UCLA_Visiting/watchtouch/UnifiedDataCollector/run/dataset/Lower_w/trial_058,0.0,22,22,True
/Users/changhyeonpark/Desktop/UCLA_Visiting/watchtouch/UnifiedDataCollector/run/dataset/Lower_g/trial_071,0.14285714285714285,6,6,True
/Users/changhyeonpark/Desktop/UCLA_Visiting/watchtouch/UnifiedDataCollector/run/dataset/Lower_r/trial_083,0.058823529411764705,17,17,True
/Users/changhyeonpark/Desktop/UCLA_Visiting/watchtouch/UnifiedDataCollector/run/dataset/Lower_p/trial_055,0.037037037037037035,15,15,True
/Users/changhyeonpark/Desktop/UCLA_Visiting/watchtouch/UnifiedDataCollector/run/dataset/Lower_c/trial_069,0.0,2,2,True
/Users/changhyeonpark/Desktop/UCLA_Visiting/watchtouch/UnifiedDataCollector/run/dataset/Lower_t/trial_134,0.047619047619047616,19,19,True
/Users/changhyeonpark/Desktop/UCLA_Visiting/watchtouch/UnifiedDataCollector/run/dataset/Lower_f/trial_098,0.05,5,5,True
/Users/changhyeonpark/Desktop/UCLA_Visiting/watchtouch/UnifiedDataCollector/run/dataset/Lower_v/trial_047,0.16666666666666666,21,21,True
/Users/changhyeonpark/Desktop/UCLA_Visiting/watchtouch/UnifiedDataCollector/run/dataset/Lower_a/trial_178,0.13333333333333333,0,0,True
/Users/changhyeonpark/Desktop/UCLA_Visiting/watchtouch/UnifiedDataCollector/run/dataset/Lower_o/trial_086,0.0,14,14,True
/Users/changhyeonpark/Desktop/UCLA_Visiting/watchtouch/UnifiedDataCollector/run/dataset/Lower_h/trial_116,0.125,7,7,True
/Users/changhyeonpark/Desktop/UCLA_Visiting/watchtouch/UnifiedDataCollector/run/dataset/Lower_z/trial_005,0.0,25,3,False
/Users/changhyeonpark/Desktop/UCLA_Visiting/watchtouch/UnifiedDataCollector/run/dataset/Lower_f/trial_011,0.0,5,5,True
/Users/changhyeonpark/Desktop/UCLA_Visiting/watchtouch/UnifiedDataCollector/run/dataset/Lower_x/trial_098,0.0,23,8,False
/Users/changhyeonpark/Desktop/UCLA_Visiting/watchtouch/UnifiedDataCollector/run/dataset/Lower_w/trial_094,0.09090909090909091,22,22,True
/Users/changhyeonpark/Desktop/UCLA_Visiting/watchtouch/UnifiedDataCollector/run/dataset/Lower_m/trial_092,0.15,12,13,False
/Users/changhyeonpark/Desktop/UCLA_Visiting/watchtouch/UnifiedDataCollector/run/dataset/Lower_v/trial_098,0.0,21,21,True
/Users/changhyeonpark/Desktop/UCLA_Visiting/watchtouch/UnifiedDataCollector/run/dataset/Lower_g/trial_044,0.09523809523809523,6,15,False
/Users/changhyeonpark/Desktop/UCLA_Visiting/watchtouch/UnifiedDataCollector/run/dataset/Lower_m/trial_078,0.0,12,12,True
/Users/changhyeonpark/Desktop/UCLA_Visiting/watchtouch/UnifiedDataCollector/run/dataset/Lower_c/trial_068,0.0,2,2,True
/Users/changhyeonpark/Desktop/UCLA_Visiting/watchtouch/UnifiedDataCollector/run/dataset/Lower_k/trial_029,0.1111111111111111,10,10,True
/Users/changhyeonpark/Desktop/UCLA_Visiting/watchtouch/UnifiedDataCollector/run/dataset/Lower_d/trial_129,0.04,3,3,True
/Users/changhyeonpark/Desktop/UCLA_Visiting/watchtouch/UnifiedDataCollector/run/dataset/Lower_d/trial_015,0.05555555555555555,3,3,True
/Users/changhyeonpark/Desktop/UCLA_Visiting/watchtouch/UnifiedDataCollector/run/dataset/Lower_h/trial_098,0.05263157894736842,7,13,False
/Users/changhyeonpark/Desktop/UCLA_Visiting/watchtouch/UnifiedDataCollector/run/dataset/Lower_n/trial_057,0.05,13,7,False
/Users/changhyeonpark/Desktop/UCLA_Visiting/watchtouch/UnifiedDataCollector/run/dataset/Lower_p/trial_011,0.045454545454545456,15,12,False
/Users/changhyeonpark/Desktop/UCLA_Visiting/watchtouch/UnifiedDataCollector/run/dataset/Lower_y/trial_037,0.05555555555555555,24,24,True
/Users/changhyeonpark/Desktop/UCLA_Visiting/watchtouch/UnifiedDataCollector/run/dataset/Lower_g/trial_026,0.1,6,6,True
/Users/changhyeonpark/Desktop/UCLA_Visiting/watchtouch/UnifiedDataCollector/run/dataset/Lower_c/trial_059,0.0,2,4,False
/Users/changhyeonpark/Desktop/UCLA_Visiting/watchtouch/UnifiedDataCollector/run/dataset/Lower_s/trial_024,0.0,18,18,True
/Users/changhyeonpark/Desktop/UCLA_Visiting/watchtouch/UnifiedDataCollector/run/dataset/Lower_m/trial_035,0.034482758620689655,12,12,True
/Users/changhyeonpark/Desktop/UCLA_Visiting/watchtouch/UnifiedDataCollector/run/dataset/Lower_a/trial_075,0.05555555555555555,0,0,True
/Users/changhyeonpark/Desktop/UCLA_Visiting/watchtouch/UnifiedDataCollector/run/dataset/Lower_z/trial_113,0.10526315789473684,25,25,True
/Users/changhyeonpark/Desktop/UCLA_Visiting/watchtouch/UnifiedDataCollector/run/dataset/Lower_m/trial_062,0.0,12,12,True
/Users/changhyeonpark/Desktop/UCLA_Visiting/watchtouch/UnifiedDataCollector/run/dataset/Lower_a/trial_090,0.0,0,0,True
/Users/changhyeonpark/Desktop/UCLA_Visiting/watchtouch/UnifiedDataCollector/run/dataset/Lower_n/trial_069,0.05555555555555555,13,21,False
/Users/changhyeonpark/Desktop/UCLA_Visiting/watchtouch/UnifiedDataCollector/run/dataset/Lower_u/trial_049,0.2,20,20,True
/Users/changhyeonpark/Desktop/UCLA_Visiting/watchtouch/UnifiedDataCollector/run/dataset/Lower_m/trial_089,0.034482758620689655,12,12,True
/Users/changhyeonpark/Desktop/UCLA_Visiting/watchtouch/UnifiedDataCollector/run/dataset/Lower_s/trial_133,0.07692307692307693,18,18,True
/Users/changhyeonpark/Desktop/UCLA_Visiting/watchtouch/UnifiedDataCollector/run/dataset/Lower_s/trial_069,0.0,18,18,True
/Users/changhyeonpark/Desktop/UCLA_Visiting/watchtouch/UnifiedDataCollector/run/dataset/Lower_y/trial_014,0.125,24,24,True
/Users/changhyeonpark/Desktop/UCLA_Visiting/watchtouch/UnifiedDataCollector/run/dataset/Lower_m/trial_065,0.0,12,12,True
/Users/changhyeonpark/Desktop/UCLA_Visiting/watchtouch/UnifiedDataCollector/run/dataset/Lower_i/trial_024,0.2608695652173913,8,8,True
/Users/changhyeonpark/Desktop/UCLA_Visiting/watchtouch/UnifiedDataCollector/run/dataset/Lower_u/trial_148,0.0625,20,20,True
/Users/changhyeonpark/Desktop/UCLA_Visiting/watchtouch/UnifiedDataCollector/run/dataset/Lower_i/trial_107,0.14285714285714285,8,8,True
/Users/changhyeonpark/Desktop/UCLA_Visiting/watchtouch/UnifiedDataCollector/run/dataset/Lower_z/trial_039,0.0,25,25,True
/Users/changhyeonpark/Desktop/UCLA_Visiting/watchtouch/UnifiedDataCollector/run/dataset/Lower_l/trial_072,0.1875,11,11,True
/Users/changhyeonpark/Desktop/UCLA_Visiting/watchtouch/UnifiedDataCollector/run/dataset/Lower_x/trial_004,0.0,23,23,True
/Users/changhyeonpark/Desktop/UCLA_Visiting/watchtouch/UnifiedDataCollector/run/dataset/Lower_t/trial_070,0.1,19,3,False
/Users/changhyeonpark/Desktop/UCLA_Visiting/watchtouch/UnifiedDataCollector/run/dataset/Lower_c/trial_033,0.0,2,2,True
/Users/changhyeonpark/Desktop/UCLA_Visiting/watchtouch/UnifiedDataCollector/run/dataset/Lower_e/trial_061,0.0,4,4,True
/Users/changhyeonpark/Desktop/UCLA_Visiting/watchtouch/UnifiedDataCollector/run/dataset/Lower_z/trial_132,0.0,25,25,True
/Users/changhyeonpark/Desktop/UCLA_Visiting/watchtouch/UnifiedDataCollector/run/dataset/Lower_y/trial_100,0.0,24,24,True
/Users/changhyeonpark/Desktop/UCLA_Visiting/watchtouch/UnifiedDataCollector/run/dataset/Lower_e/trial_102,0.05555555555555555,4,4,True
/Users/changhyeonpark/Desktop/UCLA_Visiting/watchtouch/UnifiedDataCollector/run/dataset/Lower_q/trial_005,0.07142857142857142,16,4,False
/Users/changhyeonpark/Desktop/UCLA_Visiting/watchtouch/UnifiedDataCollector/run/dataset/Lower_l/trial_036,0.06666666666666667,11,11,True
/Users/changhyeonpark/Desktop/UCLA_Visiting/watchtouch/UnifiedDataCollector/run/dataset/Lower_x/trial_137,0.10526315789473684,23,9,False
/Users/changhyeonpark/Desktop/UCLA_Visiting/watchtouch/UnifiedDataCollector/run/dataset/Lower_r/trial_052,0.0625,17,17,True
/Users/changhyeonpark/Desktop/UCLA_Visiting/watchtouch/UnifiedDataCollector/run/dataset/Lower_d/trial_045,0.045454545454545456,3,3,True
/Users/changhyeonpark/Desktop/UCLA_Visiting/watchtouch/UnifiedDataCollector/run/dataset/Lower_w/trial_076,0.05,22,15,False
/Users/changhyeonpark/Desktop/UCLA_Visiting/watchtouch/UnifiedDataCollector/run/dataset/Lower_o/trial_071,0.058823529411764705,14,14,True
/Users/changhyeonpark/Desktop/UCLA_Visiting/watchtouch/UnifiedDataCollector/run/dataset/Lower_q/trial_075,0.0,16,16,True
/Users/changhyeonpark/Desktop/UCLA_Visiting/watchtouch/UnifiedDataCollector/run/dataset/Lower_t/trial_023,0.0625,19,19,True
/Users/changhyeonpark/Desktop/UCLA_Visiting/watchtouch/UnifiedDataCollector/run/dataset/Lower_z/trial_007,0.058823529411764705,25,25,True
/Users/changhyeonpark/Desktop/UCLA_Visiting/watchtouch/UnifiedDataCollector/run/dataset/Lower_u/trial_088,0.0,20,20,True
/Users/changhyeonpark/Desktop/UCLA_Visiting/watchtouch/UnifiedDataCollector/run/dataset/Lower_a/trial_166,0.14285714285714285,0,0,True
/Users/changhyeonpark/Desktop/UCLA_Visiting/watchtouch/UnifiedDataCollector/run/dataset/Lower_c/trial_095,0.0,2,2,True
/Users/changhyeonpark/Desktop/UCLA_Visiting/watchtouch/UnifiedDataCollector/run/dataset/Lower_o/trial_121,0.0,14,14,True
/Users/changhyeonpark/Desktop/UCLA_Visiting/watchtouch/UnifiedDataCollector/run/dataset/Lower_e/trial_044,0.21428571428571427,4,4,True
/Users/changhyeonpark/Desktop/UCLA_Visiting/watchtouch/UnifiedDataCollector/run/dataset/Lower_z/trial_059,0.058823529411764705,25,25,True
/Users/changhyeonpark/Desktop/UCLA_Visiting/watchtouch/UnifiedDataCollector/run/dataset/Lower_o/trial_023,0.0,14,14,True
/Users/changhyeonpark/Desktop/UCLA_Visiting/watchtouch/UnifiedDataCollector/run/dataset/Lower_t/trial_060,0.05263157894736842,19,19,True
/Users/changhyeonpark/Desktop/UCLA_Visiting/watchtouch/UnifiedDataCollector/run/dataset/Lower_p/trial_054,0.125,15,5,False
/Users/changhyeonpark/Desktop/UCLA_Visiting/watchtouch/UnifiedDataCollector/run/dataset/Lower_k/trial_112,0.11538461538461539,10,10,True
/Users/changhyeonpark/Desktop/UCLA_Visiting/watchtouch/UnifiedDataCollector/run/dataset/Lower_j/trial_086,0.16666666666666666,9,9,True
/Users/changhyeonpark/Desktop/UCLA_Visiting/watchtouch/UnifiedDataCollector/run/dataset/Lower_s/trial_027,0.16666666666666666,18,18,True
/Users/changhyeonpark/Desktop/UCLA_Visiting/watchtouch/UnifiedDataCollector/run/dataset/Lower_x/trial_002,0.058823529411764705,23,21,False
/Users/changhyeonpark/Desktop/UCLA_Visiting/watchtouch/UnifiedDataCollector/run/dataset/Lower_g/trial_045,0.17391304347826086,6,25,False
/Users/changhyeonpark/Desktop/UCLA_Visiting/watchtouch/UnifiedDataCollector/run/dataset/Lower_v/trial_063,0.07692307692307693,21,21,True
/Users/changhyeonpark/Desktop/UCLA_Visiting/watchtouch/UnifiedDataCollector/run/dataset/Lower_n/trial_053,0.05,13,12,False
/Users/changhyeonpark/Desktop/UCLA_Visiting/watchtouch/UnifiedDataCollector/run/dataset/Lower_s/trial_149,0.07142857142857142,18,18,True
/Users/changhyeonpark/Desktop/UCLA_Visiting/watchtouch/UnifiedDataCollector/run/dataset/Lower_d/trial_036,0.0,3,4,False
/Users/changhyeonpark/Desktop/UCLA_Visiting/watchtouch/UnifiedDataCollector/run/dataset/Lower_k/trial_005,0.09523809523809523,10,15,False
/Users/changhyeonpark/Desktop/UCLA_Visiting/watchtouch/UnifiedDataCollector/run/dataset/Lower_j/trial_015,0.09523809523809523,9,9,True
/Users/changhyeonpark/Desktop/UCLA_Visiting/watchtouch/UnifiedDataCollector/run/dataset/Lower_v/trial_023,0.0,21,21,True
/Users/changhyeonpark/Desktop/UCLA_Visiting/watchtouch/UnifiedDataCollector/run/dataset/Lower_q/trial_058,0.0,16,16,True
/Users/changhyeonpark/Desktop/UCLA_Visiting/watchtouch/UnifiedDataCollector/run/dataset/Lower_j/trial_029,0.04,9,9,True
/Users/changhyeonpark/Desktop/UCLA_Visiting/watchtouch/UnifiedDataCollector/run/dataset/Lower_g/trial_082,0.08333333333333333,6,0,False
/Users/changhyeonpark/Desktop/UCLA_Visiting/watchtouch/UnifiedDataCollector/run/dataset/Lower_x/trial_033,0.05,23,23,True
/Users/changhyeonpark/Desktop/UCLA_Visiting/watchtouch/UnifiedDataCollector/run/dataset/Lower_l/trial_078,0.0,11,11,True
/Users/changhyeonpark/Desktop/UCLA_Visiting/watchtouch/UnifiedDataCollector/run/dataset/Lower_v/trial_064,0.08333333333333333,21,13,False
/Users/changhyeonpark/Desktop/UCLA_Visiting/watchtouch/UnifiedDataCollector/run/dataset/Lower_o/trial_082,0.07142857142857142,14,14,True
/Users/changhyeonpark/Desktop/UCLA_Visiting/watchtouch/UnifiedDataCollector/run/dataset/Lower_h/trial_100,0.0,7,17,False
/Users/changhyeonpark/Desktop/UCLA_Visiting/watchtouch/UnifiedDataCollector/run/dataset/Lower_d/trial_008,0.043478260869565216,3,3,True
/Users/changhyeonpark/Desktop/UCLA_Visiting/watchtouch/UnifiedDataCollector/run/dataset/Lower_e/trial_003,0.1875,4,4,True
/Users/changhyeonpark/Desktop/UCLA_Visiting/watchtouch/UnifiedDataCollector/run/dataset/Lower_i/trial_057,0.0,8,15,False
/Users/changhyeonpark/Desktop/UCLA_Visiting/watchtouch/UnifiedDataCollector/run/dataset/Lower_e/trial_018,0.21428571428571427,4,4,True
/Users/changhyeonpark/Desktop/UCLA_Visiting/watchtouch/UnifiedDataCollector/run/dataset/Lower_o/trial_114,0.07142857142857142,14,14,True
/Users/changhyeonpark/Desktop/UCLA_Visiting/watchtouch/UnifiedDataCollector/run/dataset/Lower_r/trial_094,0.23076923076923078,17,17,True
/Users/changhyeonpark/Desktop/UCLA_Visiting/watchtouch/UnifiedDataCollector/run/dataset/Lower_f/trial_050,0.15789473684210525,5,5,True
/Users/changhyeonpark/Desktop/UCLA_Visiting/watchtouch/UnifiedDataCollector/run/dataset/Lower_o/trial_028,0.07692307692307693,14,14,True
/Users/changhyeonpark/Desktop/UCLA_Visiting/watchtouch/UnifiedDataCollector/run/dataset/Lower_j/trial_046,0.04,9,9,True
/Users/changhyeonpark/Desktop/UCLA_Visiting/watchtouch/UnifiedDataCollector/run/dataset/Lower_h/trial_080,0.05,7,13,False
/Users/changhyeonpark/Desktop/UCLA_Visiting/watchtouch/UnifiedDataCollector/run/dataset/Lower_q/trial_102,0.1111111111111111,16,16,True
/Users/changhyeonpark/Desktop/UCLA_Visiting/watchtouch/UnifiedDataCollector/run/dataset/Lower_p/trial_057,0.0,15,15,True
/Users/changhyeonpark/Desktop/UCLA_Visiting/watchtouch/UnifiedDataCollector/run/dataset/Lower_f/trial_091,0.15,5,5,True
/Users/changhyeonpark/Desktop/UCLA_Visiting/watchtouch/UnifiedDataCollector/run/dataset/Lower_x/trial_128,0.10526315789473684,23,23,True
/Users/changhyeonpark/Desktop/UCLA_Visiting/watchtouch/UnifiedDataCollector/run/dataset/Lower_g/trial_119,0.037037037037037035,6,6,True
/Users/changhyeonpark/Desktop/UCLA_Visiting/watchtouch/UnifiedDataCollector/run/dataset/Lower_m/trial_015,0.08,12,12,True
/Users/changhyeonpark/Desktop/UCLA_Visiting/watchtouch/UnifiedDataCollector/run/dataset/Lower_p/trial_002,0.0,15,15,True
/Users/changhyeonpark/Desktop/UCLA_Visiting/watchtouch/UnifiedDataCollector/run/dataset/Lower_l/trial_041,0.18181818181818182,11,11,True
/Users/changhyeonpark/Desktop/UCLA_Visiting/watchtouch/UnifiedDataCollector/run/dataset/Lower_a/trial_030,0.045454545454545456,0,0,True
/Users/changhyeonpark/Desktop/UCLA_Visiting/watchtouch/UnifiedDataCollector/run/dataset/Lower_q/trial_031,0.10526315789473684,16,22,False
/Users/changhyeonpark/Desktop/UCLA_Visiting/watchtouch/UnifiedDataCollector/run/dataset/Lower_u/trial_099,0.0,20,20,True
/Users/changhyeonpark/Desktop/UCLA_Visiting/watchtouch/UnifiedDataCollector/run/dataset/Lower_q/trial_123,0.0,16,5,False
/Users/changhyeonpark/Desktop/UCLA_Visiting/watchtouch/UnifiedDataCollector/run/dataset/Lower_o/trial_012,0.06666666666666667,14,14,True
/Users/changhyeonpark/Desktop/UCLA_Visiting/watchtouch/UnifiedDataCollector/run/dataset/Lower_t/trial_039,0.125,19,19,True
/Users/changhyeonpark/Desktop/UCLA_Visiting/watchtouch/UnifiedDataCollector/run/dataset/Lower_t/trial_019,0.23076923076923078,19,19,True
/Users/changhyeonpark/Desktop/UCLA_Visiting/watchtouch/UnifiedDataCollector/run/dataset/Lower_g/trial_102,0.125,6,6,True
/Users/changhyeonpark/Desktop/UCLA_Visiting/watchtouch/UnifiedDataCollector/run/dataset/Lower_y/trial_050,0.0,24,24,True
/Users/changhyeonpark/Desktop/UCLA_Visiting/watchtouch/UnifiedDataCollector/run/dataset/Lower_r/trial_116,0.041666666666666664,17,17,True
/Users/changhyeonpark/Desktop/UCLA_Visiting/watchtouch/UnifiedDataCollector/run/dataset/Lower_m/trial_085,0.13636363636363635,12,12,True
/Users/changhyeonpark/Desktop/UCLA_Visiting/watchtouch/UnifiedDataCollector/run/dataset/Lower_n/trial_012,0.0,13,13,True
/Users/changhyeonpark/Desktop/UCLA_Visiting/watchtouch/UnifiedDataCollector/run/dataset/Lower_x/trial_087,0.0,23,23,True
/Users/changhyeonpark/Desktop/UCLA_Visiting/watchtouch/UnifiedDataCollector/run/dataset/Lower_y/trial_115,0.15,24,24,True
/Users/changhyeonpark/Desktop/UCLA_Visiting/watchtouch/UnifiedDataCollector/run/dataset/Lower_a/trial_048,0.1111111111111111,0,0,True
/Users/changhyeonpark/Desktop/UCLA_Visiting/watchtouch/UnifiedDataCollector/run/dataset/Lower_e/trial_141,0.05,4,4,True
/Users/changhyeonpark/Desktop/UCLA_Visiting/watchtouch/UnifiedDataCollector/run/dataset/Lower_u/trial_016,0.18181818181818182,20,14,False
/Users/changhyeonpark/Desktop/UCLA_Visiting/watchtouch/UnifiedDataCollector/run/dataset/Lower_e/trial_052,0.058823529411764705,4,4,True
/Users/changhyeonpark/Desktop/UCLA_Visiting/watchtouch/UnifiedDataCollector/run/dataset/Lower_v/trial_062,0.07142857142857142,21,21,True
/Users/changhyeonpark/Desktop/UCLA_Visiting/watchtouch/UnifiedDataCollector/run/dataset/Lower_z/trial_024,0.0,25,25,True
/Users/changhyeonpark/Desktop/UCLA_Visiting/watchtouch/UnifiedDataCollector/run/dataset/Lower_p/trial_091,0.13636363636363635,15,15,True
/Users/changhyeonpark/Desktop/UCLA_Visiting/watchtouch/UnifiedDataCollector/run/dataset/Lower_d/trial_123,0.038461538461538464,3,3,True
/Users/changhyeonpark/Desktop/UCLA_Visiting/watchtouch/UnifiedDataCollector/run/dataset/Lower_f/trial_080,0.15789473684210525,5,5,True
/Users/changhyeonpark/Desktop/UCLA_Visiting/watchtouch/UnifiedDataCollector/run/dataset/Lower_q/trial_037,0.08333333333333333,16,19,False
/Users/changhyeonpark/Desktop/UCLA_Visiting/watchtouch/UnifiedDataCollector/run/dataset/Lower_a/trial_089,0.16666666666666666,0,2,False
/Users/changhyeonpark/Desktop/UCLA_Visiting/watchtouch/UnifiedDataCollector/run/dataset/Lower_o/trial_123,0.0,14,14,True
/Users/changhyeonpark/Desktop/UCLA_Visiting/watchtouch/UnifiedDataCollector/run/dataset/Lower_a/trial_138,0.0625,0,0,True
/Users/changhyeonpark/Desktop/UCLA_Visiting/watchtouch/UnifiedDataCollector/run/dataset/Lower_j/trial_005,0.08333333333333333,9,8,False
/Users/changhyeonpark/Desktop/UCLA_Visiting/watchtouch/UnifiedDataCollector/run/dataset/Lower_o/trial_003,0.13333333333333333,14,14,True
/Users/changhyeonpark/Desktop/UCLA_Visiting/watchtouch/UnifiedDataCollector/run/dataset/Lower_h/trial_024,0.045454545454545456,7,12,False
/Users/changhyeonpark/Desktop/UCLA_Visiting/watchtouch/UnifiedDataCollector/run/dataset/Lower_o/trial_048,0.06666666666666667,14,14,True
/Users/changhyeonpark/Desktop/UCLA_Visiting/watchtouch/UnifiedDataCollector/run/dataset/Lower_o/trial_083,0.0,14,14,True
/Users/changhyeonpark/Desktop/UCLA_Visiting/watchtouch/UnifiedDataCollector/run/dataset/Lower_m/trial_019,0.07692307692307693,12,12,True
/Users/changhyeonpark/Desktop/UCLA_Visiting/watchtouch/UnifiedDataCollector/run/dataset/Lower_c/trial_125,0.0,2,2,True
/Users/changhyeonpark/Desktop/UCLA_Visiting/watchtouch/UnifiedDataCollector/run/dataset/Lower_u/trial_072,0.2,20,20,True
/Users/changhyeonpark/Desktop/UCLA_Visiting/watchtouch/UnifiedDataCollector/run/dataset/Lower_c/trial_056,0.16666666666666666,2,2,True
/Users/changhyeonpark/Desktop/UCLA_Visiting/watchtouch/UnifiedDataCollector/run/dataset/Lower_v/trial_030,0.06666666666666667,21,21,True
/Users/changhyeonpark/Desktop/UCLA_Visiting/watchtouch/UnifiedDataCollector/run/dataset/Lower_c/trial_037,0.0,2,2,True
/Users/changhyeonpark/Desktop/UCLA_Visiting/watchtouch/UnifiedDataCollector/run/dataset/Lower_z/trial_048,0.14285714285714285,25,4,False
/Users/changhyeonpark/Desktop/UCLA_Visiting/watchtouch/UnifiedDataCollector/run/dataset/Lower_o/trial_125,0.2,14,14,True
/Users/changhyeonpark/Desktop/UCLA_Visiting/watchtouch/UnifiedDataCollector/run/dataset/Lower_f/trial_004,0.08,5,5,True
/Users/changhyeonpark/Desktop/UCLA_Visiting/watchtouch/UnifiedDataCollector/run/dataset/Lower_w/trial_018,0.0,22,22,True
/Users/changhyeonpark/Desktop/UCLA_Visiting/watchtouch/UnifiedDataCollector/run/dataset/Lower_n/trial_089,0.0,13,13,True
/Users/changhyeonpark/Desktop/UCLA_Visiting/watchtouch/UnifiedDataCollector/run/dataset/Lower_z/trial_112,0.0,25,25,True
/Users/changhyeonpark/Desktop/UCLA_Visiting/watchtouch/UnifiedDataCollector/run/dataset/Lower_b/trial_060,0.047619047619047616,1,1,True
/Users/changhyeonpark/Desktop/UCLA_Visiting/watchtouch/UnifiedDataCollector/run/dataset/Lower_a/trial_069,0.05,0,0,True
/Users/changhyeonpark/Desktop/UCLA_Visiting/watchtouch/UnifiedDataCollector/run/dataset/Lower_w/trial_015,0.10526315789473684,22,22,True
/Users/changhyeonpark/Desktop/UCLA_Visiting/watchtouch/UnifiedDataCollector/run/dataset/Lower_a/trial_088,0.05,0,0,True
/Users/changhyeonpark/Desktop/UCLA_Visiting/watchtouch/UnifiedDataCollector/run/dataset/Lower_y/trial_041,0.15,24,24,True
/Users/changhyeonpark/Desktop/UCLA_Visiting/watchtouch/UnifiedDataCollector/run/dataset/Lower_r/trial_097,0.0,17,17,True
/Users/changhyeonpark/Desktop/UCLA_Visiting/watchtouch/UnifiedDataCollector/run/dataset/Lower_o/trial_058,0.058823529411764705,14,14,True
/Users/changhyeonpark/Desktop/UCLA_Visiting/watchtouch/UnifiedDataCollector/run/dataset/Lower_t/trial_113,0.0,19,19,True
/Users/changhyeonpark/Desktop/UCLA_Visiting/watchtouch/UnifiedDataCollector/run/dataset/Lower_m/trial_100,0.03333333333333333,12,12,True
/Users/changhyeonpark/Desktop/UCLA_Visiting/watchtouch/UnifiedDataCollector/run/dataset/Lower_r/trial_121,0.0,17,11,False
/Users/changhyeonpark/Desktop/UCLA_Visiting/watchtouch/UnifiedDataCollector/run/dataset/Lower_z/trial_052,0.0,25,25,True
/Users/changhyeonpark/Desktop/UCLA_Visiting/watchtouch/UnifiedDataCollector/run/dataset/Lower_t/trial_014,0.06666666666666667,19,19,True
/Users/changhyeonpark/Desktop/UCLA_Visiting/watchtouch/UnifiedDataCollector/run/dataset/Lower_l/trial_014,0.0,11,11,True
/Users/changhyeonpark/Desktop/UCLA_Visiting/watchtouch/UnifiedDataCollector/run/dataset/Lower_r/trial_122,0.0,17,17,True
/Users/changhyeonpark/Desktop/UCLA_Visiting/watchtouch/UnifiedDataCollector/run/dataset/Lower_b/trial_004,0.045454545454545456,1,1,True
/Users/changhyeonpark/Desktop/UCLA_Visiting/watchtouch/UnifiedDataCollector/run/dataset/Lower_k/trial_110,0.03125,10,10,True
/Users/changhyeonpark/Desktop/UCLA_Visiting/watchtouch/UnifiedDataCollector/run/dataset/Lower_v/trial_100,0.14285714285714285,21,24,False
/Users/changhyeonpark/Desktop/UCLA_Visiting/watchtouch/UnifiedDataCollector/run/dataset/Lower_i/trial_097,0.08,8,8,True
/Users/changhyeonpark/Desktop/UCLA_Visiting/watchtouch/UnifiedDataCollector/run/dataset/Lower_b/trial_118,0.0,1,1,True
/Users/changhyeonpark/Desktop/UCLA_Visiting/watchtouch/UnifiedDataCollector/run/dataset/Lower_v/trial_139,0.0,21,21,True
/Users/changhyeonpark/Desktop/UCLA_Visiting/watchtouch/UnifiedDataCollector/run/dataset/Lower_v/trial_104,0.05263157894736842,21,21,True
/Users/changhyeonpark/Desktop/UCLA_Visiting/watchtouch/UnifiedDataCollector/run/dataset/Lower_a/trial_033,0.1,0,0,True
/Users/changhyeonpark/Desktop/UCLA_Visiting/watchtouch/UnifiedDataCollector/run/dataset/Lower_r/trial_003,0.1111111111111111,17,23,False
/Users/changhyeonpark/Desktop/UCLA_Visiting/watchtouch/UnifiedDataCollector/run/dataset/Lower_g/trial_107,0.041666666666666664,6,6,True
/Users/changhyeonpark/Desktop/UCLA_Visiting/watchtouch/UnifiedDataCollector/run/dataset/Lower_w/trial_108,0.041666666666666664,22,22,True
/Users/changhyeonpark/Desktop/UCLA_Visiting/watchtouch/UnifiedDataCollector/run/dataset/Lower_h/trial_043,0.045454545454545456,7,7,True
/Users/changhyeonpark/Desktop/UCLA_Visiting/watchtouch/UnifiedDataCollector/run/dataset/Lower_a/trial_102,0.05263157894736842,0,0,True
/Users/changhyeonpark/Desktop/UCLA_Visiting/watchtouch/UnifiedDataCollector/run/dataset/Lower_j/trial_021,0.08695652173913043,9,15,False
/Users/changhyeonpark/Desktop/UCLA_Visiting/watchtouch/UnifiedDataCollector/run/dataset/Lower_u/trial_134,0.07692307692307693,20,20,True
/Users/changhyeonpark/Desktop/UCLA_Visiting/watchtouch/UnifiedDataCollector/run/dataset/Lower_e/trial_034,0.05555555555555555,4,4,True
/Users/changhyeonpark/Desktop/UCLA_Visiting/watchtouch/UnifiedDataCollector/run/dataset/Lower_p/trial_003,0.043478260869565216,15,15,True
/Users/changhyeonpark/Desktop/UCLA_Visiting/watchtouch/UnifiedDataCollector/run/dataset/Lower_y/trial_029,0.0,24,9,False
/Users/changhyeonpark/Desktop/UCLA_Visiting/watchtouch/UnifiedDataCollector/run/dataset/Lower_v/trial_038,0.15384615384615385,21,20,False
/Users/changhyeonpark/Desktop/UCLA_Visiting/watchtouch/UnifiedDataCollector/run/dataset/Lower_t/trial_045,0.0,19,19,True
/Users/changhyeonpark/Desktop/UCLA_Visiting/watchtouch/UnifiedDataCollector/run/dataset/Lower_b/trial_012,0.09523809523809523,1,1,True
/Users/changhyeonpark/Desktop/UCLA_Visiting/watchtouch/UnifiedDataCollector/run/dataset/Lower_f/trial_066,0.1111111111111111,5,5,True
/Users/changhyeonpark/Desktop/UCLA_Visiting/watchtouch/UnifiedDataCollector/run/dataset/Lower_b/trial_075,0.045454545454545456,1,1,True
/Users/changhyeonpark/Desktop/UCLA_Visiting/watchtouch/UnifiedDataCollector/run/dataset/Lower_m/trial_032,0.037037037037037035,12,12,True
/Users/changhyeonpark/Desktop/UCLA_Visiting/watchtouch/UnifiedDataCollector/run/dataset/Lower_m/trial_056,0.07142857142857142,12,12,True
/Users/changhyeonpark/Desktop/UCLA_Visiting/watchtouch/UnifiedDataCollector/run/dataset/Lower_a/trial_165,0.0625,0,0,True
/Users/changhyeonpark/Desktop/UCLA_Visiting/watchtouch/UnifiedDataCollector/run/dataset/Lower_f/trial_074,0.21052631578947367,5,5,True
/Users/changhyeonpark/Desktop/UCLA_Visiting/watchtouch/UnifiedDataCollector/run/dataset/Lower_q/trial_013,0.0,16,16,True
/Users/changhyeonpark/Desktop/UCLA_Visiting/watchtouch/UnifiedDataCollector/run/dataset/Lower_q/trial_020,0.05555555555555555,16,16,True
/Users/changhyeonpark/Desktop/UCLA_Visiting/watchtouch/UnifiedDataCollector/run/dataset/Lower_o/trial_101,0.0625,14,18,False
/Users/changhyeonpark/Desktop/UCLA_Visiting/watchtouch/UnifiedDataCollector/run/dataset/Lower_q/trial_057,0.0,16,5,False
/Users/changhyeonpark/Desktop/UCLA_Visiting/watchtouch/UnifiedDataCollector/run/dataset/Lower_l/trial_007,0.0,11,11,True
/Users/changhyeonpark/Desktop/UCLA_Visiting/watchtouch/UnifiedDataCollector/run/dataset/Lower_s/trial_049,0.0,18,18,True
/Users/changhyeonpark/Desktop/UCLA_Visiting/watchtouch/UnifiedDataCollector/run/dataset/Lower_c/trial_101,0.2,2,2,True
/Users/changhyeonpark/Desktop/UCLA_Visiting/watchtouch/UnifiedDataCollector/run/dataset/Lower_v/trial_046,0.0,21,21,True
/Users/changhyeonpark/Desktop/UCLA_Visiting/watchtouch/UnifiedDataCollector/run/dataset/Lower_q/trial_008,0.05555555555555555,16,25,False
/Users/changhyeonpark/Desktop/UCLA_Visiting/watchtouch/UnifiedDataCollector/run/dataset/Lower_j/trial_054,0.1,9,9,True
/Users/changhyeonpark/Desktop/UCLA_Visiting/watchtouch/UnifiedDataCollector/run/dataset/Lower_u/trial_060,0.0,20,20,True
/Users/changhyeonpark/Desktop/UCLA_Visiting/watchtouch/UnifiedDataCollector/run/dataset/Lower_s/trial_107,0.06666666666666667,18,18,True
/Users/changhyeonpark/Desktop/UCLA_Visiting/watchtouch/UnifiedDataCollector/run/dataset/Lower_u/trial_054,0.125,20,20,True
/Users/changhyeonpark/Desktop/UCLA_Visiting/watchtouch/UnifiedDataCollector/run/dataset/Lower_e/trial_066,0.047619047619047616,4,4,True
/Users/changhyeonpark/Desktop/UCLA_Visiting/watchtouch/UnifiedDataCollector/run/dataset/Lower_r/trial_078,0.125,17,17,True
/Users/changhyeonpark/Desktop/UCLA_Visiting/watchtouch/UnifiedDataCollector/run/dataset/Lower_h/trial_034,0.045454545454545456,7,12,False
/Users/changhyeonpark/Desktop/UCLA_Visiting/watchtouch/UnifiedDataCollector/run/dataset/Lower_z/trial_098,0.0,25,25,True
/Users/changhyeonpark/Desktop/UCLA_Visiting/watchtouch/UnifiedDataCollector/run/dataset/Lower_x/trial_084,0.08333333333333333,23,23,True
/Users/changhyeonpark/Desktop/UCLA_Visiting/watchtouch/UnifiedDataCollector/run/dataset/Lower_z/trial_018,0.0,25,25,True
/Users/changhyeonpark/Desktop/UCLA_Visiting/watchtouch/UnifiedDataCollector/run/dataset/Lower_s/trial_105,0.16666666666666666,18,18,True
/Users/changhyeonpark/Desktop/UCLA_Visiting/watchtouch/UnifiedDataCollector/run/dataset/Lower_a/trial_072,0.05555555555555555,0,0,True
/Users/changhyeonpark/Desktop/UCLA_Visiting/watchtouch/UnifiedDataCollector/run/dataset/Lower_c/trial_147,0.0,2,2,True
/Users/changhyeonpark/Desktop/UCLA_Visiting/watchtouch/UnifiedDataCollector/run/dataset/Lower_h/trial_125,0.09090909090909091,7,17,False
/Users/changhyeonpark/Desktop/UCLA_Visiting/watchtouch/UnifiedDataCollector/run/dataset/Lower_z/trial_056,0.0,25,18,False
/Users/changhyeonpark/Desktop/UCLA_Visiting/watchtouch/UnifiedDataCollector/run/dataset/Lower_q/trial_091,0.045454545454545456,16,16,True
/Users/changhyeonpark/Desktop/UCLA_Visiting/watchtouch/UnifiedDataCollector/run/dataset/Lower_o/trial_059,0.16666666666666666,14,14,True
/Users/changhyeonpark/Desktop/UCLA_Visiting/watchtouch/UnifiedDataCollector/run/dataset/Lower_z/trial_136,0.0,25,25,True
/Users/changhyeonpark/Desktop/UCLA_Visiting/watchtouch/UnifiedDataCollector/run/dataset/Lower_d/trial_014,0.0,3,4,False
/Users/changhyeonpark/Desktop/UCLA_Visiting/watchtouch/UnifiedDataCollector/run/dataset/Lower_m/trial_068,0.06896551724137931,12,12,True
/Users/changhyeonpark/Desktop/UCLA_Visiting/watchtouch/UnifiedDataCollector/run/dataset/Lower_r/trial_111,0.09523809523809523,17,17,True
/Users/changhyeonpark/Desktop/UCLA_Visiting/watchtouch/UnifiedDataCollector/run/dataset/Lower_d/trial_037,0.2,3,22,False
/Users/changhyeonpark/Desktop/UCLA_Visiting/watchtouch/UnifiedDataCollector/run/dataset/Lower_r/trial_014,0.06666666666666667,17,13,False
/Users/changhyeonpark/Desktop/UCLA_Visiting/watchtouch/UnifiedDataCollector/run/dataset/Lower_m/trial_038,0.08,12,12,True
/Users/changhyeonpark/Desktop/UCLA_Visiting/watchtouch/UnifiedDataCollector/run/dataset/Lower_d/trial_070,0.05263157894736842,3,7,False
/Users/changhyeonpark/Desktop/UCLA_Visiting/watchtouch/UnifiedDataCollector/run/dataset/Lower_t/trial_121,0.21052631578947367,19,19,True
/Users/changhyeonpark/Desktop/UCLA_Visiting/watchtouch/UnifiedDataCollector/run/dataset/Lower_l/trial_045,0.0,11,11,True
/Users/changhyeonpark/Desktop/UCLA_Visiting/watchtouch/UnifiedDataCollector/run/dataset/Lower_h/trial_091,0.047619047619047616,7,13,False
/Users/changhyeonpark/Desktop/UCLA_Visiting/watchtouch/UnifiedDataCollector/run/dataset/Lower_h/trial_122,0.23529411764705882,7,13,False
/Users/changhyeonpark/Desktop/UCLA_Visiting/watchtouch/UnifiedDataCollector/run/dataset/Lower_t/trial_071,0.05263157894736842,19,19,True
/Users/changhyeonpark/Desktop/UCLA_Visiting/watchtouch/UnifiedDataCollector/run/dataset/Lower_h/trial_022,0.047619047619047616,7,7,True
/Users/changhyeonpark/Desktop/UCLA_Visiting/watchtouch/UnifiedDataCollector/run/dataset/Lower_i/trial_053,0.0,8,8,True
/Users/changhyeonpark/Desktop/UCLA_Visiting/watchtouch/UnifiedDataCollector/run/dataset/Lower_k/trial_018,0.06896551724137931,10,10,True
/Users/changhyeonpark/Desktop/UCLA_Visiting/watchtouch/UnifiedDataCollector/run/dataset/Lower_y/trial_038,0.05263157894736842,24,24,True
/Users/changhyeonpark/Desktop/UCLA_Visiting/watchtouch/UnifiedDataCollector/run/dataset/Lower_i/trial_005,0.17647058823529413,8,21,False
/Users/changhyeonpark/Desktop/UCLA_Visiting/watchtouch/UnifiedDataCollector/run/dataset/Lower_d/trial_072,0.045454545454545456,3,3,True
/Users/changhyeonpark/Desktop/UCLA_Visiting/watchtouch/UnifiedDataCollector/run/dataset/Lower_d/trial_051,0.037037037037037035,3,7,False
/Users/changhyeonpark/Desktop/UCLA_Visiting/watchtouch/UnifiedDataCollector/run/dataset/Lower_j/trial_008,0.0,9,3,False
/Users/changhyeonpark/Desktop/UCLA_Visiting/watchtouch/UnifiedDataCollector/run/dataset/Lower_a/trial_029,0.10526315789473684,0,15,False
/Users/changhyeonpark/Desktop/UCLA_Visiting/watchtouch/UnifiedDataCollector/run/dataset/Lower_x/trial_078,0.07692307692307693,23,23,True
/Users/changhyeonpark/Desktop/UCLA_Visiting/watchtouch/UnifiedDataCollector/run/dataset/Lower_o/trial_120,0.0,14,14,True
/Users/changhyeonpark/Desktop/UCLA_Visiting/watchtouch/UnifiedDataCollector/run/dataset/Lower_p/trial_084,0.10714285714285714,15,8,False
/Users/changhyeonpark/Desktop/UCLA_Visiting/watchtouch/UnifiedDataCollector/run/dataset/Lower_u/trial_030,0.0,20,20,True
/Users/changhyeonpark/Desktop/UCLA_Visiting/watchtouch/UnifiedDataCollector/run/dataset/Lower_c/trial_154,0.09090909090909091,2,2,True
/Users/changhyeonpark/Desktop/UCLA_Visiting/watchtouch/UnifiedDataCollector/run/dataset/Lower_b/trial_039,0.043478260869565216,1,1,True
/Users/changhyeonpark/Desktop/UCLA_Visiting/watchtouch/UnifiedDataCollector/run/dataset/Lower_r/trial_131,0.125,17,17,True
/Users/changhyeonpark/Desktop/UCLA_Visiting/watchtouch/UnifiedDataCollector/run/dataset/Lower_j/trial_061,0.041666666666666664,9,9,True
/Users/changhyeonpark/Desktop/UCLA_Visiting/watchtouch/UnifiedDataCollector/run/dataset/Lower_u/trial_005,0.0,20,20,True
/Users/changhyeonpark/Desktop/UCLA_Visiting/watchtouch/UnifiedDataCollector/run/dataset/Lower_i/trial_069,0.041666666666666664,8,15,False
/Users/changhyeonpark/Desktop/UCLA_Visiting/watchtouch/UnifiedDataCollector/run/dataset/Lower_a/trial_117,0.05,0,0,True
/Users/changhyeonpark/Desktop/UCLA_Visiting/watchtouch/UnifiedDataCollector/run/dataset/Lower_e/trial_059,0.0,4,4,True
/Users/changhyeonpark/Desktop/UCLA_Visiting/watchtouch/UnifiedDataCollector/run/dataset/Lower_e/trial_134,0.1875,4,4,True
/Users/changhyeonpark/Desktop/UCLA_Visiting/watchtouch/UnifiedDataCollector/run/dataset/Lower_y/trial_062,0.05263157894736842,24,24,True
/Users/changhyeonpark/Desktop/UCLA_Visiting/watchtouch/UnifiedDataCollector/run/dataset/Lower_v/trial_069,0.06666666666666667,21,23,False
/Users/changhyeonpark/Desktop/UCLA_Visiting/watchtouch/UnifiedDataCollector/run/dataset/Lower_w/trial_020,0.17647058823529413,22,22,True
/Users/changhyeonpark/Desktop/UCLA_Visiting/watchtouch/UnifiedDataCollector/run/dataset/Lower_u/trial_070,0.06666666666666667,20,20,True
/Users/changhyeonpark/Desktop/UCLA_Visiting/watchtouch/UnifiedDataCollector/run/dataset/Lower_b/trial_079,0.05,1,1,True
/Users/changhyeonpark/Desktop/UCLA_Visiting/watchtouch/UnifiedDataCollector/run/dataset/Lower_e/trial_087,0.0,4,4,True
/Users/changhyeonpark/Desktop/UCLA_Visiting/watchtouch/UnifiedDataCollector/run/dataset/Lower_u/trial_019,0.06666666666666667,20,20,True
/Users/changhyeonpark/Desktop/UCLA_Visiting/watchtouch/UnifiedDataCollector/run/dataset/Lower_e/trial_106,0.0,4,4,True
/Users/changhyeonpark/Desktop/UCLA_Visiting/watchtouch/UnifiedDataCollector/run/dataset/Lower_r/trial_046,0.0,17,17,True
/Users/changhyeonpark/Desktop/UCLA_Visiting/watchtouch/UnifiedDataCollector/run/dataset/Lower_z/trial_057,0.14285714285714285,25,25,True
/Users/changhyeonpark/Desktop/UCLA_Visiting/watchtouch/UnifiedDataCollector/run/dataset/Lower_v/trial_095,0.0625,21,20,False
/Users/changhyeonpark/Desktop/UCLA_Visiting/watchtouch/UnifiedDataCollector/run/dataset/Lower_s/trial_090,0.06666666666666667,18,18,True
/Users/changhyeonpark/Desktop/UCLA_Visiting/watchtouch/UnifiedDataCollector/run/dataset/Lower_g/trial_058,0.037037037037037035,6,6,True
/Users/changhyeonpark/Desktop/UCLA_Visiting/watchtouch/UnifiedDataCollector/run/dataset/Lower_o/trial_126,0.3,14,4,False
/Users/changhyeonpark/Desktop/UCLA_Visiting/watchtouch/UnifiedDataCollector/run/dataset/Lower_s/trial_042,0.3,18,2,False
/Users/changhyeonpark/Desktop/UCLA_Visiting/watchtouch/UnifiedDataCollector/run/dataset/Lower_j/trial_070,0.0,9,9,True
/Users/changhyeonpark/Desktop/UCLA_Visiting/watchtouch/UnifiedDataCollector/run/dataset/Lower_j/trial_027,0.07692307692307693,9,9,True
/Users/changhyeonpark/Desktop/UCLA_Visiting/watchtouch/UnifiedDataCollector/run/dataset/Lower_x/trial_031,0.0,23,23,True
/Users/changhyeonpark/Desktop/UCLA_Visiting/watchtouch/UnifiedDataCollector/run/dataset/Lower_w/trial_005,0.0,22,15,False
/Users/changhyeonpark/Desktop/UCLA_Visiting/watchtouch/UnifiedDataCollector/run/dataset/Lower_v/trial_123,0.06666666666666667,21,21,True
/Users/changhyeonpark/Desktop/UCLA_Visiting/watchtouch/UnifiedDataCollector/run/dataset/Lower_c/trial_108,0.09090909090909091,2,2,True
/Users/changhyeonpark/Desktop/UCLA_Visiting/watchtouch/UnifiedDataCollector/run/dataset/Lower_f/trial_021,0.041666666666666664,5,5,True
/Users/changhyeonpark/Desktop/UCLA_Visiting/watchtouch/UnifiedDataCollector/run/dataset/Lower_j/trial_028,0.07692307692307693,9,15,False
/Users/changhyeonpark/Desktop/UCLA_Visiting/watchtouch/UnifiedDataCollector/run/dataset/Lower_k/trial_078,0.12,10,10,True
/Users/changhyeonpark/Desktop/UCLA_Visiting/watchtouch/UnifiedDataCollector/run/dataset/Lower_j/trial_045,0.13636363636363635,9,9,True
/Users/changhyeonpark/Desktop/UCLA_Visiting/watchtouch/UnifiedDataCollector/run/dataset/Lower_h/trial_037,0.2,7,20,False
/Users/changhyeonpark/Desktop/UCLA_Visiting/watchtouch/UnifiedDataCollector/run/dataset/Lower_c/trial_093,0.0,2,2,True
/Users/changhyeonpark/Desktop/UCLA_Visiting/watchtouch/UnifiedDataCollector/run/dataset/Lower_s/trial_121,0.0,18,18,True
/Users/changhyeonpark/Desktop/UCLA_Visiting/watchtouch/UnifiedDataCollector/run/dataset/Lower_r/trial_048,0.125,17,7,False
/Users/changhyeonpark/Desktop/UCLA_Visiting/watchtouch/UnifiedDataCollector/run/dataset/Lower_w/trial_027,0.08,22,15,False
/Users/changhyeonpark/Desktop/UCLA_Visiting/watchtouch/UnifiedDataCollector/run/dataset/Lower_t/trial_028,0.13333333333333333,19,19,True
/Users/changhyeonpark/Desktop/UCLA_Visiting/watchtouch/UnifiedDataCollector/run/dataset/Lower_k/trial_014,0.23809523809523808,10,3,False
/Users/changhyeonpark/Desktop/UCLA_Visiting/watchtouch/UnifiedDataCollector/run/dataset/Lower_w/trial_025,0.17647058823529413,22,22,True
/Users/changhyeonpark/Desktop/UCLA_Visiting/watchtouch/UnifiedDataCollector/run/dataset/Lower_u/trial_091,0.25,20,23,False
/Users/changhyeonpark/Desktop/UCLA_Visiting/watchtouch/UnifiedDataCollector/run/dataset/Lower_a/trial_055,0.043478260869565216,0,0,True
/Users/changhyeonpark/Desktop/UCLA_Visiting/watchtouch/UnifiedDataCollector/run/dataset/Lower_u/trial_079,0.21052631578947367,20,24,False
/Users/changhyeonpark/Desktop/UCLA_Visiting/watchtouch/UnifiedDataCollector/run/dataset/Lower_w/trial_052,0.0,22,22,True
/Users/changhyeonpark/Desktop/UCLA_Visiting/watchtouch/UnifiedDataCollector/run/dataset/Lower_w/trial_002,0.0,22,23,False
/Users/changhyeonpark/Desktop/UCLA_Visiting/watchtouch/UnifiedDataCollector/run/dataset/Lower_q/trial_019,0.11764705882352941,16,23,False
/Users/changhyeonpark/Desktop/UCLA_Visiting/watchtouch/UnifiedDataCollector/run/dataset/Lower_p/trial_041,0.19047619047619047,15,15,True
/Users/changhyeonpark/Desktop/UCLA_Visiting/watchtouch/UnifiedDataCollector/run/dataset/Lower_v/trial_119,0.0625,21,21,True
/Users/changhyeonpark/Desktop/UCLA_Visiting/watchtouch/UnifiedDataCollector/run/dataset/Lower_s/trial_037,0.0,18,18,True
/Users/changhyeonpark/Desktop/UCLA_Visiting/watchtouch/UnifiedDataCollector/run/dataset/Lower_s/trial_137,0.0,18,18,True
/Users/changhyeonpark/Desktop/UCLA_Visiting/watchtouch/UnifiedDataCollector/run/dataset/Lower_i/trial_033,0.08,8,15,False
/Users/changhyeonpark/Desktop/UCLA_Visiting/watchtouch/UnifiedDataCollector/run/dataset/Lower_h/trial_079,0.25,7,17,False
/Users/changhyeonpark/Desktop/UCLA_Visiting/watchtouch/UnifiedDataCollector/run/dataset/Lower_q/trial_062,0.0,16,5,False
/Users/changhyeonpark/Desktop/UCLA_Visiting/watchtouch/UnifiedDataCollector/run/dataset/Lower_w/trial_003,0.15384615384615385,22,25,False
/Users/changhyeonpark/Desktop/UCLA_Visiting/watchtouch/UnifiedDataCollector/run/dataset/Lower_i/trial_007,0.0,8,8,True
/Users/changhyeonpark/Desktop/UCLA_Visiting/watchtouch/UnifiedDataCollector/run/dataset/Lower_e/trial_122,0.05555555555555555,4,4,True
/Users/changhyeonpark/Desktop/UCLA_Visiting/watchtouch/UnifiedDataCollector/run/dataset/Lower_w/trial_033,0.11764705882352941,22,22,True
/Users/changhyeonpark/Desktop/UCLA_Visiting/watchtouch/UnifiedDataCollector/run/dataset/Lower_y/trial_064,0.0625,24,24,True
/Users/changhyeonpark/Desktop/UCLA_Visiting/watchtouch/UnifiedDataCollector/run/dataset/Lower_l/trial_052,0.0,11,11,True
/Users/changhyeonpark/Desktop/UCLA_Visiting/watchtouch/UnifiedDataCollector/run/dataset/Lower_x/trial_016,0.058823529411764705,23,23,True
/Users/changhyeonpark/Desktop/UCLA_Visiting/watchtouch/UnifiedDataCollector/run/dataset/Lower_c/trial_045,0.09090909090909091,2,2,True
/Users/changhyeonpark/Desktop/UCLA_Visiting/watchtouch/UnifiedDataCollector/run/dataset/Lower_n/trial_131,0.0,13,13,True
/Users/changhyeonpark/Desktop/UCLA_Visiting/watchtouch/UnifiedDataCollector/run/dataset/Lower_m/trial_040,0.037037037037037035,12,12,True
/Users/changhyeonpark/Desktop/UCLA_Visiting/watchtouch/UnifiedDataCollector/run/dataset/Lower_y/trial_036,0.05263157894736842,24,24,True
/Users/changhyeonpark/Desktop/UCLA_Visiting/watchtouch/UnifiedDataCollector/run/dataset/Lower_e/trial_041,0.13333333333333333,4,4,True
/Users/changhyeonpark/Desktop/UCLA_Visiting/watchtouch/UnifiedDataCollector/run/dataset/Lower_o/trial_055,0.16666666666666666,14,14,True
/Users/changhyeonpark/Desktop/UCLA_Visiting/watchtouch/UnifiedDataCollector/run/dataset/Lower_p/trial_098,0.04,15,15,True
/Users/changhyeonpark/Desktop/UCLA_Visiting/watchtouch/UnifiedDataCollector/run/dataset/Lower_m/trial_054,0.07407407407407407,12,12,True
/Users/changhyeonpark/Desktop/UCLA_Visiting/watchtouch/UnifiedDataCollector/run/dataset/Lower_f/trial_063,0.06666666666666667,5,5,True
/Users/changhyeonpark/Desktop/UCLA_Visiting/watchtouch/UnifiedDataCollector/run/dataset/Lower_i/trial_041,0.08,8,8,True
/Users/changhyeonpark/Desktop/UCLA_Visiting/watchtouch/UnifiedDataCollector/run/dataset/Lower_q/trial_036,0.1,16,16,True
/Users/changhyeonpark/Desktop/UCLA_Visiting/watchtouch/UnifiedDataCollector/run/dataset/Lower_b/trial_080,0.0,1,1,True
/Users/changhyeonpark/Desktop/UCLA_Visiting/watchtouch/UnifiedDataCollector/run/dataset/Lower_j/trial_062,0.13636363636363635,9,9,True
/Users/changhyeonpark/Desktop/UCLA_Visiting/watchtouch/UnifiedDataCollector/run/dataset/Lower_u/trial_029,0.07692307692307693,20,20,True
/Users/changhyeonpark/Desktop/UCLA_Visiting/watchtouch/UnifiedDataCollector/run/dataset/Lower_t/trial_093,0.1875,19,7,False
/Users/changhyeonpark/Desktop/UCLA_Visiting/watchtouch/UnifiedDataCollector/run/dataset/Lower_n/trial_109,0.05,13,13,True
/Users/changhyeonpark/Desktop/UCLA_Visiting/watchtouch/UnifiedDataCollector/run/dataset/Lower_s/trial_118,0.07692307692307693,18,18,True
/Users/changhyeonpark/Desktop/UCLA_Visiting/watchtouch/UnifiedDataCollector/run/dataset/Lower_y/trial_120,0.0,24,24,True
/Users/changhyeonpark/Desktop/UCLA_Visiting/watchtouch/UnifiedDataCollector/run/dataset/Lower_g/trial_124,0.0,6,6,True
/Users/changhyeonpark/Desktop/UCLA_Visiting/watchtouch/UnifiedDataCollector/run/dataset/Lower_e/trial_118,0.0,4,4,True
/Users/changhyeonpark/Desktop/UCLA_Visiting/watchtouch/UnifiedDataCollector/run/dataset/Lower_m/trial_033,0.03571428571428571,12,12,True
/Users/changhyeonpark/Desktop/UCLA_Visiting/watchtouch/UnifiedDataCollector/run/dataset/Lower_i/trial_032,0.14285714285714285,8,8,True
/Users/changhyeonpark/Desktop/UCLA_Visiting/watchtouch/UnifiedDataCollector/run/dataset/Lower_h/trial_054,0.043478260869565216,7,7,True
/Users/changhyeonpark/Desktop/UCLA_Visiting/watchtouch/UnifiedDataCollector/run/dataset/Lower_d/trial_053,0.09090909090909091,3,3,True
/Users/changhyeonpark/Desktop/UCLA_Visiting/watchtouch/UnifiedDataCollector/run/dataset/Lower_s/trial_031,0.2,18,18,True
/Users/changhyeonpark/Desktop/UCLA_Visiting/watchtouch/UnifiedDataCollector/run/dataset/Lower_v/trial_127,0.3,21,18,False
/Users/changhyeonpark/Desktop/UCLA_Visiting/watchtouch/UnifiedDataCollector/run/dataset/Lower_d/trial_115,0.13636363636363635,3,3,True
/Users/changhyeonpark/Desktop/UCLA_Visiting/watchtouch/UnifiedDataCollector/run/dataset/Lower_k/trial_039,0.0,10,10,True
/Users/changhyeonpark/Desktop/UCLA_Visiting/watchtouch/UnifiedDataCollector/run/dataset/Lower_l/trial_015,0.16666666666666666,11,23,False
/Users/changhyeonpark/Desktop/UCLA_Visiting/watchtouch/UnifiedDataCollector/run/dataset/Lower_r/trial_004,0.26666666666666666,17,17,True
